study_id,item_id,item_filename,item_cdn_url,participant_id,participant_external_id,participant_display_name,participant_tags,participant_quality_grade,participant_quality_grade_item,test_item_display_order,exposure_number,fixation_point_x,fixation_point_y,fixation_starts_at_ms,fixation_ends_at_ms,fixation_duration_ms,saccade_amplitude_percent,notes
a8e98608-7fb7-4b08-847c-36de3c777fb1,d485dc6f-c078-4851-8a7f-6dd32bb8f7a7,35.png,https://d48dl6cezsco5.cloudfront.net/experiments/experiment_a8e98608-7fb7-4b08-847c-36de3c777fb1/project_lg_d485dc6f-c078-4851-8a7f-6dd32bb8f7a7.jpg?v=15.35.4,5dba697b-31ba-41cf-8275-af2893cf6a1a,,"P0101, Male",,5,6,6,1,44.797701109584,45.077803497942,40,271,231,,"RealEye v15.35.4; FixationFilterSettings [gazePointInterpolationHz = 30; gazePointInterpolationMaxGapMs = 50; gazeVelocityThreshold = 150; minFixationDurationMs = 80; maxFixationDurationMs = 400; movingMediaRangeMs = 200; saccadeMaxDurationMs = 150]; TestCriteria [;isGenderMale=true;isGenderFemale=true;isGenderOther=true;isGenderNotSpecified=true;exposureNumber=;qualityMin=1;qualityMax=6;isParticipantTypeRealEye=true;isParticipantTypeNonRealEye=true;isDeviceDesktop=true;isDeviceSmartphone=true;isDeviceTablet=true;isSetupLocal=true;isSetupMouse=true;isSetupOpengaze=true]; 2024-03-03T13:58:55+00:00"
a8e98608-7fb7-4b08-847c-36de3c777fb1,d485dc6f-c078-4851-8a7f-6dd32bb8f7a7,35.png,https://d48dl6cezsco5.cloudfront.net/experiments/experiment_a8e98608-7fb7-4b08-847c-36de3c777fb1/project_lg_d485dc6f-c078-4851-8a7f-6dd32bb8f7a7.jpg?v=15.35.4,5dba697b-31ba-41cf-8275-af2893cf6a1a,,"P0101, Male",,5,6,6,1,80.279327876984,17.945247543462,495,628,133,,
a8e98608-7fb7-4b08-847c-36de3c777fb1,d485dc6f-c078-4851-8a7f-6dd32bb8f7a7,35.png,https://d48dl6cezsco5.cloudfront.net/experiments/experiment_a8e98608-7fb7-4b08-847c-36de3c777fb1/project_lg_d485dc6f-c078-4851-8a7f-6dd32bb8f7a7.jpg?v=15.35.4,5dba697b-31ba-41cf-8275-af2893cf6a1a,,"P0101, Male",,5,6,6,1,37.79239607446,42.158564814815,878,1094,216,10.140007335244,
a8e98608-7fb7-4b08-847c-36de3c777fb1,d485dc6f-c078-4851-8a7f-6dd32bb8f7a7,35.png,https://d48dl6cezsco5.cloudfront.net/experiments/experiment_a8e98608-7fb7-4b08-847c-36de3c777fb1/project_lg_d485dc6f-c078-4851-8a7f-6dd32bb8f7a7.jpg?v=15.35.4,5dba697b-31ba-41cf-8275-af2893cf6a1a,,"P0101, Male",,5,6,6,1,48.30164026331,51.031144781145,1112,1220,108,11.255248493914,
a8e98608-7fb7-4b08-847c-36de3c777fb1,d485dc6f-c078-4851-8a7f-6dd32bb8f7a7,35.png,https://d48dl6cezsco5.cloudfront.net/experiments/experiment_a8e98608-7fb7-4b08-847c-36de3c777fb1/project_lg_d485dc6f-c078-4851-8a7f-6dd32bb8f7a7.jpg?v=15.35.4,5dba697b-31ba-41cf-8275-af2893cf6a1a,,"P0101, Male",,5,6,6,1,51.671524182409,73.193342151675,1288,1438,150,41.320604246155,
a8e98608-7fb7-4b08-847c-36de3c777fb1,d485dc6f-c078-4851-8a7f-6dd32bb8f7a7,35.png,https://d48dl6cezsco5.cloudfront.net/experiments/experiment_a8e98608-7fb7-4b08-847c-36de3c777fb1/project_lg_d485dc6f-c078-4851-8a7f-6dd32bb8f7a7.jpg?v=15.35.4,5dba697b-31ba-41cf-8275-af2893cf6a1a,,"P0101, Male",,5,6,6,1,86.351430517995,15.726114163614,1542,1704,162,,
a8e98608-7fb7-4b08-847c-36de3c777fb1,d485dc6f-c078-4851-8a7f-6dd32bb8f7a7,35.png,https://d48dl6cezsco5.cloudfront.net/experiments/experiment_a8e98608-7fb7-4b08-847c-36de3c777fb1/project_lg_d485dc6f-c078-4851-8a7f-6dd32bb8f7a7.jpg?v=15.35.4,5dba697b-31ba-41cf-8275-af2893cf6a1a,,"P0101, Male",,5,6,6,1,72.433788158275,66.840277777778,1989,2083,94,,
a8e98608-7fb7-4b08-847c-36de3c777fb1,d485dc6f-c078-4851-8a7f-6dd32bb8f7a7,35.png,https://d48dl6cezsco5.cloudfront.net/experiments/experiment_a8e98608-7fb7-4b08-847c-36de3c777fb1/project_lg_d485dc6f-c078-4851-8a7f-6dd32bb8f7a7.jpg?v=15.35.4,6a274097-4090-45e2-9f6f-ebae9916c4d4,,"P0103, Male",,6,6,3,1,65.131698695111,34.899237472767,0,397,397,7.6660431488371,
a8e98608-7fb7-4b08-847c-36de3c777fb1,d485dc6f-c078-4851-8a7f-6dd32bb8f7a7,35.png,https://d48dl6cezsco5.cloudfront.net/experiments/experiment_a8e98608-7fb7-4b08-847c-36de3c777fb1/project_lg_d485dc6f-c078-4851-8a7f-6dd32bb8f7a7.jpg?v=15.35.4,6a274097-4090-45e2-9f6f-ebae9916c4d4,,"P0103, Male",,6,6,3,1,56.349679872438,35.76834045584,416,814,398,5.1762119216992,
a8e98608-7fb7-4b08-847c-36de3c777fb1,d485dc6f-c078-4851-8a7f-6dd32bb8f7a7,35.png,https://d48dl6cezsco5.cloudfront.net/experiments/experiment_a8e98608-7fb7-4b08-847c-36de3c777fb1/project_lg_d485dc6f-c078-4851-8a7f-6dd32bb8f7a7.jpg?v=15.35.4,6a274097-4090-45e2-9f6f-ebae9916c4d4,,"P0103, Male",,6,6,3,1,52.484321231969,27.752612934905,832,1231,399,9.7079234518538,
a8e98608-7fb7-4b08-847c-36de3c777fb1,d485dc6f-c078-4851-8a7f-6dd32bb8f7a7,35.png,https://d48dl6cezsco5.cloudfront.net/experiments/experiment_a8e98608-7fb7-4b08-847c-36de3c777fb1/project_lg_d485dc6f-c078-4851-8a7f-6dd32bb8f7a7.jpg?v=15.35.4,6a274097-4090-45e2-9f6f-ebae9916c4d4,,"P0103, Male",,6,6,3,1,55.34597326208,46.889467592593,1255,1339,84,5.7700259986566,
a8e98608-7fb7-4b08-847c-36de3c777fb1,d485dc6f-c078-4851-8a7f-6dd32bb8f7a7,35.png,https://d48dl6cezsco5.cloudfront.net/experiments/experiment_a8e98608-7fb7-4b08-847c-36de3c777fb1/project_lg_d485dc6f-c078-4851-8a7f-6dd32bb8f7a7.jpg?v=15.35.4,6a274097-4090-45e2-9f6f-ebae9916c4d4,,"P0103, Male",,6,6,3,1,61.781889650773,49.647234065284,1357,1739,382,3.8213147860409,
a8e98608-7fb7-4b08-847c-36de3c777fb1,d485dc6f-c078-4851-8a7f-6dd32bb8f7a7,35.png,https://d48dl6cezsco5.cloudfront.net/experiments/experiment_a8e98608-7fb7-4b08-847c-36de3c777fb1/project_lg_d485dc6f-c078-4851-8a7f-6dd32bb8f7a7.jpg?v=15.35.4,6a274097-4090-45e2-9f6f-ebae9916c4d4,,"P0103, Male",,6,6,3,1,63.84619331923,42.77079457139,1771,2169,398,5.878031530693,
a8e98608-7fb7-4b08-847c-36de3c777fb1,d485dc6f-c078-4851-8a7f-6dd32bb8f7a7,35.png,https://d48dl6cezsco5.cloudfront.net/experiments/experiment_a8e98608-7fb7-4b08-847c-36de3c777fb1/project_lg_d485dc6f-c078-4851-8a7f-6dd32bb8f7a7.jpg?v=15.35.4,6a274097-4090-45e2-9f6f-ebae9916c4d4,,"P0103, Male",,6,6,3,1,66.452859949183,31.712962962963,2190,2283,93,,
a8e98608-7fb7-4b08-847c-36de3c777fb1,ce79a161-4405-4b4d-9f22-0f0b86659f7d,1.png,https://d48dl6cezsco5.cloudfront.net/experiments/experiment_a8e98608-7fb7-4b08-847c-36de3c777fb1/project_lg_ce79a161-4405-4b4d-9f22-0f0b86659f7d.jpg?v=15.35.4,5dba697b-31ba-41cf-8275-af2893cf6a1a,,"P0101, Male",,5,3,7,1,59.666933994062,44.638124591779,438,838,400,14.995949354612,
a8e98608-7fb7-4b08-847c-36de3c777fb1,ce79a161-4405-4b4d-9f22-0f0b86659f7d,1.png,https://d48dl6cezsco5.cloudfront.net/experiments/experiment_a8e98608-7fb7-4b08-847c-36de3c777fb1/project_lg_ce79a161-4405-4b4d-9f22-0f0b86659f7d.jpg?v=15.35.4,5dba697b-31ba-41cf-8275-af2893cf6a1a,,"P0101, Male",,5,3,7,1,42.835683065747,38.292565724206,857,1241,384,7.5179683708455,
a8e98608-7fb7-4b08-847c-36de3c777fb1,ce79a161-4405-4b4d-9f22-0f0b86659f7d,1.png,https://d48dl6cezsco5.cloudfront.net/experiments/experiment_a8e98608-7fb7-4b08-847c-36de3c777fb1/project_lg_ce79a161-4405-4b4d-9f22-0f0b86659f7d.jpg?v=15.35.4,5dba697b-31ba-41cf-8275-af2893cf6a1a,,"P0101, Male",,5,3,7,1,41.850599888167,53.526855089355,1260,1540,280,,
a8e98608-7fb7-4b08-847c-36de3c777fb1,ce79a161-4405-4b4d-9f22-0f0b86659f7d,1.png,https://d48dl6cezsco5.cloudfront.net/experiments/experiment_a8e98608-7fb7-4b08-847c-36de3c777fb1/project_lg_ce79a161-4405-4b4d-9f22-0f0b86659f7d.jpg?v=15.35.4,5dba697b-31ba-41cf-8275-af2893cf6a1a,,"P0101, Male",,5,3,7,1,73.976533243535,-34.022548432271,1734,1906,172,13.047942132798,
a8e98608-7fb7-4b08-847c-36de3c777fb1,ce79a161-4405-4b4d-9f22-0f0b86659f7d,1.png,https://d48dl6cezsco5.cloudfront.net/experiments/experiment_a8e98608-7fb7-4b08-847c-36de3c777fb1/project_lg_ce79a161-4405-4b4d-9f22-0f0b86659f7d.jpg?v=15.35.4,5dba697b-31ba-41cf-8275-af2893cf6a1a,,"P0101, Male",,5,3,7,1,73.091634114583,-60.590277777778,1937,2021,84,,
a8e98608-7fb7-4b08-847c-36de3c777fb1,ce79a161-4405-4b4d-9f22-0f0b86659f7d,1.png,https://d48dl6cezsco5.cloudfront.net/experiments/experiment_a8e98608-7fb7-4b08-847c-36de3c777fb1/project_lg_ce79a161-4405-4b4d-9f22-0f0b86659f7d.jpg?v=15.35.4,6a274097-4090-45e2-9f6f-ebae9916c4d4,,"P0103, Male",,6,6,2,1,66.859808514014,37.168560606061,10,400,390,12.549359764835,
a8e98608-7fb7-4b08-847c-36de3c777fb1,ce79a161-4405-4b4d-9f22-0f0b86659f7d,1.png,https://d48dl6cezsco5.cloudfront.net/experiments/experiment_a8e98608-7fb7-4b08-847c-36de3c777fb1/project_lg_ce79a161-4405-4b4d-9f22-0f0b86659f7d.jpg?v=15.35.4,6a274097-4090-45e2-9f6f-ebae9916c4d4,,"P0103, Male",,6,6,2,1,52.5488765656,39.986968206369,430,818,388,9.3547504984786,
a8e98608-7fb7-4b08-847c-36de3c777fb1,ce79a161-4405-4b4d-9f22-0f0b86659f7d,1.png,https://d48dl6cezsco5.cloudfront.net/experiments/experiment_a8e98608-7fb7-4b08-847c-36de3c777fb1/project_lg_ce79a161-4405-4b4d-9f22-0f0b86659f7d.jpg?v=15.35.4,6a274097-4090-45e2-9f6f-ebae9916c4d4,,"P0103, Male",,6,6,2,1,63.258456107817,38.72311550883,886,1019,133,13.518460616499,
a8e98608-7fb7-4b08-847c-36de3c777fb1,ce79a161-4405-4b4d-9f22-0f0b86659f7d,1.png,https://d48dl6cezsco5.cloudfront.net/experiments/experiment_a8e98608-7fb7-4b08-847c-36de3c777fb1/project_lg_ce79a161-4405-4b4d-9f22-0f0b86659f7d.jpg?v=15.35.4,6a274097-4090-45e2-9f6f-ebae9916c4d4,,"P0103, Male",,6,6,2,1,55.080159505208,15.293710918711,1039,1303,264,13.799198081798,
a8e98608-7fb7-4b08-847c-36de3c777fb1,ce79a161-4405-4b4d-9f22-0f0b86659f7d,1.png,https://d48dl6cezsco5.cloudfront.net/experiments/experiment_a8e98608-7fb7-4b08-847c-36de3c777fb1/project_lg_ce79a161-4405-4b4d-9f22-0f0b86659f7d.jpg?v=15.35.4,6a274097-4090-45e2-9f6f-ebae9916c4d4,,"P0103, Male",,6,6,2,1,64.153753628437,38.359455166747,1335,1720,385,5.841755003881,
a8e98608-7fb7-4b08-847c-36de3c777fb1,ce79a161-4405-4b4d-9f22-0f0b86659f7d,1.png,https://d48dl6cezsco5.cloudfront.net/experiments/experiment_a8e98608-7fb7-4b08-847c-36de3c777fb1/project_lg_ce79a161-4405-4b4d-9f22-0f0b86659f7d.jpg?v=15.35.4,6a274097-4090-45e2-9f6f-ebae9916c4d4,,"P0103, Male",,6,6,2,1,68.476196635275,47.466172769992,1744,2144,400,2.7362589904493,
a8e98608-7fb7-4b08-847c-36de3c777fb1,ce79a161-4405-4b4d-9f22-0f0b86659f7d,1.png,https://d48dl6cezsco5.cloudfront.net/experiments/experiment_a8e98608-7fb7-4b08-847c-36de3c777fb1/project_lg_ce79a161-4405-4b4d-9f22-0f0b86659f7d.jpg?v=15.35.4,6a274097-4090-45e2-9f6f-ebae9916c4d4,,"P0103, Male",,6,6,2,1,70.383047842765,43.032407407407,2162,2275,113,,
a8e98608-7fb7-4b08-847c-36de3c777fb1,8c1d6ac7-a5ff-4acf-9889-ed6028023629,2e0fb9af-0ef9-410e-b22f-eb35e9be22df.jpg,https://d48dl6cezsco5.cloudfront.net/experiments/experiment_a8e98608-7fb7-4b08-847c-36de3c777fb1/project_lg_8c1d6ac7-a5ff-4acf-9889-ed6028023629.jpg?v=15.35.4,5dba697b-31ba-41cf-8275-af2893cf6a1a,,"P0101, Male",,5,4,4,1,27.993943993368,45.747354497354,465,560,95,15.583190232113,
a8e98608-7fb7-4b08-847c-36de3c777fb1,8c1d6ac7-a5ff-4acf-9889-ed6028023629,2e0fb9af-0ef9-410e-b22f-eb35e9be22df.jpg,https://d48dl6cezsco5.cloudfront.net/experiments/experiment_a8e98608-7fb7-4b08-847c-36de3c777fb1/project_lg_8c1d6ac7-a5ff-4acf-9889-ed6028023629.jpg?v=15.35.4,5dba697b-31ba-41cf-8275-af2893cf6a1a,,"P0101, Male",,5,4,4,1,45.855461245246,44.328703703704,628,725,97,14.179021443897,
a8e98608-7fb7-4b08-847c-36de3c777fb1,8c1d6ac7-a5ff-4acf-9889-ed6028023629,2e0fb9af-0ef9-410e-b22f-eb35e9be22df.jpg,https://d48dl6cezsco5.cloudfront.net/experiments/experiment_a8e98608-7fb7-4b08-847c-36de3c777fb1/project_lg_8c1d6ac7-a5ff-4acf-9889-ed6028023629.jpg?v=15.35.4,5dba697b-31ba-41cf-8275-af2893cf6a1a,,"P0101, Male",,5,4,4,1,56.315959776981,66.478587962963,833,976,143,8.1206018037325,
a8e98608-7fb7-4b08-847c-36de3c777fb1,8c1d6ac7-a5ff-4acf-9889-ed6028023629,2e0fb9af-0ef9-410e-b22f-eb35e9be22df.jpg,https://d48dl6cezsco5.cloudfront.net/experiments/experiment_a8e98608-7fb7-4b08-847c-36de3c777fb1/project_lg_8c1d6ac7-a5ff-4acf-9889-ed6028023629.jpg?v=15.35.4,5dba697b-31ba-41cf-8275-af2893cf6a1a,,"P0101, Male",,5,4,4,1,65.235418549231,61.690923959442,1009,1178,169,30.16399294138,
a8e98608-7fb7-4b08-847c-36de3c777fb1,8c1d6ac7-a5ff-4acf-9889-ed6028023629,2e0fb9af-0ef9-410e-b22f-eb35e9be22df.jpg,https://d48dl6cezsco5.cloudfront.net/experiments/experiment_a8e98608-7fb7-4b08-847c-36de3c777fb1/project_lg_8c1d6ac7-a5ff-4acf-9889-ed6028023629.jpg?v=15.35.4,5dba697b-31ba-41cf-8275-af2893cf6a1a,,"P0101, Male",,5,4,4,1,98.413765147636,79.195601851852,1246,1345,99,,
a8e98608-7fb7-4b08-847c-36de3c777fb1,8c1d6ac7-a5ff-4acf-9889-ed6028023629,2e0fb9af-0ef9-410e-b22f-eb35e9be22df.jpg,https://d48dl6cezsco5.cloudfront.net/experiments/experiment_a8e98608-7fb7-4b08-847c-36de3c777fb1/project_lg_8c1d6ac7-a5ff-4acf-9889-ed6028023629.jpg?v=15.35.4,5dba697b-31ba-41cf-8275-af2893cf6a1a,,"P0101, Male",,5,4,4,1,123.3630952381,38.506944444444,2094,2219,125,,
a8e98608-7fb7-4b08-847c-36de3c777fb1,8c1d6ac7-a5ff-4acf-9889-ed6028023629,2e0fb9af-0ef9-410e-b22f-eb35e9be22df.jpg,https://d48dl6cezsco5.cloudfront.net/experiments/experiment_a8e98608-7fb7-4b08-847c-36de3c777fb1/project_lg_8c1d6ac7-a5ff-4acf-9889-ed6028023629.jpg?v=15.35.4,6a274097-4090-45e2-9f6f-ebae9916c4d4,,"P0103, Male",,6,5,5,1,46.674453831712,54.007523148148,0,223,223,,
a8e98608-7fb7-4b08-847c-36de3c777fb1,8c1d6ac7-a5ff-4acf-9889-ed6028023629,2e0fb9af-0ef9-410e-b22f-eb35e9be22df.jpg,https://d48dl6cezsco5.cloudfront.net/experiments/experiment_a8e98608-7fb7-4b08-847c-36de3c777fb1/project_lg_8c1d6ac7-a5ff-4acf-9889-ed6028023629.jpg?v=15.35.4,6a274097-4090-45e2-9f6f-ebae9916c4d4,,"P0103, Male",,6,5,5,1,55.352746616187,22.987298195632,639,727,88,9.9452634394203,
a8e98608-7fb7-4b08-847c-36de3c777fb1,8c1d6ac7-a5ff-4acf-9889-ed6028023629,2e0fb9af-0ef9-410e-b22f-eb35e9be22df.jpg,https://d48dl6cezsco5.cloudfront.net/experiments/experiment_a8e98608-7fb7-4b08-847c-36de3c777fb1/project_lg_8c1d6ac7-a5ff-4acf-9889-ed6028023629.jpg?v=15.35.4,6a274097-4090-45e2-9f6f-ebae9916c4d4,,"P0103, Male",,6,5,5,1,48.284931323995,38.912996790777,756,1147,391,11.229053410955,
a8e98608-7fb7-4b08-847c-36de3c777fb1,8c1d6ac7-a5ff-4acf-9889-ed6028023629,2e0fb9af-0ef9-410e-b22f-eb35e9be22df.jpg,https://d48dl6cezsco5.cloudfront.net/experiments/experiment_a8e98608-7fb7-4b08-847c-36de3c777fb1/project_lg_8c1d6ac7-a5ff-4acf-9889-ed6028023629.jpg?v=15.35.4,6a274097-4090-45e2-9f6f-ebae9916c4d4,,"P0103, Male",,6,5,5,1,41.524480093034,58.410617865648,1214,1603,389,5.7631195637968,
a8e98608-7fb7-4b08-847c-36de3c777fb1,8c1d6ac7-a5ff-4acf-9889-ed6028023629,2e0fb9af-0ef9-410e-b22f-eb35e9be22df.jpg,https://d48dl6cezsco5.cloudfront.net/experiments/experiment_a8e98608-7fb7-4b08-847c-36de3c777fb1/project_lg_8c1d6ac7-a5ff-4acf-9889-ed6028023629.jpg?v=15.35.4,6a274097-4090-45e2-9f6f-ebae9916c4d4,,"P0103, Male",,6,5,5,1,37.121066657357,49.641203703704,1622,1734,112,3.8210248355131,
a8e98608-7fb7-4b08-847c-36de3c777fb1,8c1d6ac7-a5ff-4acf-9889-ed6028023629,2e0fb9af-0ef9-410e-b22f-eb35e9be22df.jpg,https://d48dl6cezsco5.cloudfront.net/experiments/experiment_a8e98608-7fb7-4b08-847c-36de3c777fb1/project_lg_8c1d6ac7-a5ff-4acf-9889-ed6028023629.jpg?v=15.35.4,6a274097-4090-45e2-9f6f-ebae9916c4d4,,"P0103, Male",,6,5,5,1,35.816861976136,57.082193462402,1830,2033,203,15.32266585525,
a8e98608-7fb7-4b08-847c-36de3c777fb1,8c1d6ac7-a5ff-4acf-9889-ed6028023629,2e0fb9af-0ef9-410e-b22f-eb35e9be22df.jpg,https://d48dl6cezsco5.cloudfront.net/experiments/experiment_a8e98608-7fb7-4b08-847c-36de3c777fb1/project_lg_8c1d6ac7-a5ff-4acf-9889-ed6028023629.jpg?v=15.35.4,6a274097-4090-45e2-9f6f-ebae9916c4d4,,"P0103, Male",,6,5,5,1,52.950730637531,50.082671957672,2120,2256,136,,
a8e98608-7fb7-4b08-847c-36de3c777fb1,890e1c4b-a97b-49d0-8dd2-ce364e47a594,4.png,https://d48dl6cezsco5.cloudfront.net/experiments/experiment_a8e98608-7fb7-4b08-847c-36de3c777fb1/project_lg_890e1c4b-a97b-49d0-8dd2-ce364e47a594.jpg?v=15.35.4,5dba697b-31ba-41cf-8275-af2893cf6a1a,,"P0101, Male",,5,5,3,1,58.491510483698,67.071759259259,0,130,130,19.135406416512,
a8e98608-7fb7-4b08-847c-36de3c777fb1,890e1c4b-a97b-49d0-8dd2-ce364e47a594,4.png,https://d48dl6cezsco5.cloudfront.net/experiments/experiment_a8e98608-7fb7-4b08-847c-36de3c777fb1/project_lg_890e1c4b-a97b-49d0-8dd2-ce364e47a594.jpg?v=15.35.4,5dba697b-31ba-41cf-8275-af2893cf6a1a,,"P0101, Male",,5,5,3,1,79.6875,77.245606575964,162,316,154,12.53494752866,
a8e98608-7fb7-4b08-847c-36de3c777fb1,890e1c4b-a97b-49d0-8dd2-ce364e47a594,4.png,https://d48dl6cezsco5.cloudfront.net/experiments/experiment_a8e98608-7fb7-4b08-847c-36de3c777fb1/project_lg_890e1c4b-a97b-49d0-8dd2-ce364e47a594.jpg?v=15.35.4,5dba697b-31ba-41cf-8275-af2893cf6a1a,,"P0101, Male",,5,5,3,1,73.69332938121,100.48695799458,348,476,128,,
a8e98608-7fb7-4b08-847c-36de3c777fb1,890e1c4b-a97b-49d0-8dd2-ce364e47a594,4.png,https://d48dl6cezsco5.cloudfront.net/experiments/experiment_a8e98608-7fb7-4b08-847c-36de3c777fb1/project_lg_890e1c4b-a97b-49d0-8dd2-ce364e47a594.jpg?v=15.35.4,5dba697b-31ba-41cf-8275-af2893cf6a1a,,"P0101, Male",,5,5,3,1,56.338872354497,49.166015311849,636,791,155,9.5195351050324,
a8e98608-7fb7-4b08-847c-36de3c777fb1,890e1c4b-a97b-49d0-8dd2-ce364e47a594,4.png,https://d48dl6cezsco5.cloudfront.net/experiments/experiment_a8e98608-7fb7-4b08-847c-36de3c777fb1/project_lg_890e1c4b-a97b-49d0-8dd2-ce364e47a594.jpg?v=15.35.4,5dba697b-31ba-41cf-8275-af2893cf6a1a,,"P0101, Male",,5,5,3,1,45.444793921356,50.55885408316,809,921,112,21.987538449671,
a8e98608-7fb7-4b08-847c-36de3c777fb1,890e1c4b-a97b-49d0-8dd2-ce364e47a594,4.png,https://d48dl6cezsco5.cloudfront.net/experiments/experiment_a8e98608-7fb7-4b08-847c-36de3c777fb1/project_lg_890e1c4b-a97b-49d0-8dd2-ce364e47a594.jpg?v=15.35.4,5dba697b-31ba-41cf-8275-af2893cf6a1a,,"P0101, Male",,5,5,3,1,20.257879950263,48.020676926927,940,1116,176,,
a8e98608-7fb7-4b08-847c-36de3c777fb1,890e1c4b-a97b-49d0-8dd2-ce364e47a594,4.png,https://d48dl6cezsco5.cloudfront.net/experiments/experiment_a8e98608-7fb7-4b08-847c-36de3c777fb1/project_lg_890e1c4b-a97b-49d0-8dd2-ce364e47a594.jpg?v=15.35.4,5dba697b-31ba-41cf-8275-af2893cf6a1a,,"P0101, Male",,5,5,3,1,88.28125,54.714681537598,1277,1399,122,13.172144640447,
a8e98608-7fb7-4b08-847c-36de3c777fb1,890e1c4b-a97b-49d0-8dd2-ce364e47a594,4.png,https://d48dl6cezsco5.cloudfront.net/experiments/experiment_a8e98608-7fb7-4b08-847c-36de3c777fb1/project_lg_890e1c4b-a97b-49d0-8dd2-ce364e47a594.jpg?v=15.35.4,5dba697b-31ba-41cf-8275-af2893cf6a1a,,"P0101, Male",,5,5,3,1,73.903585242561,46.435819945658,1493,1884,391,17.317665792877,
a8e98608-7fb7-4b08-847c-36de3c777fb1,890e1c4b-a97b-49d0-8dd2-ce364e47a594,4.png,https://d48dl6cezsco5.cloudfront.net/experiments/experiment_a8e98608-7fb7-4b08-847c-36de3c777fb1/project_lg_890e1c4b-a97b-49d0-8dd2-ce364e47a594.jpg?v=15.35.4,5dba697b-31ba-41cf-8275-af2893cf6a1a,,"P0101, Male",,5,5,3,1,55.612668900732,60.233328653266,1996,2243,247,,
a8e98608-7fb7-4b08-847c-36de3c777fb1,890e1c4b-a97b-49d0-8dd2-ce364e47a594,4.png,https://d48dl6cezsco5.cloudfront.net/experiments/experiment_a8e98608-7fb7-4b08-847c-36de3c777fb1/project_lg_890e1c4b-a97b-49d0-8dd2-ce364e47a594.jpg?v=15.35.4,6a274097-4090-45e2-9f6f-ebae9916c4d4,,"P0103, Male",,6,6,7,1,40.465856481481,38.252314814815,0,94,94,17.320009360569,
a8e98608-7fb7-4b08-847c-36de3c777fb1,890e1c4b-a97b-49d0-8dd2-ce364e47a594,4.png,https://d48dl6cezsco5.cloudfront.net/experiments/experiment_a8e98608-7fb7-4b08-847c-36de3c777fb1/project_lg_890e1c4b-a97b-49d0-8dd2-ce364e47a594.jpg?v=15.35.4,6a274097-4090-45e2-9f6f-ebae9916c4d4,,"P0103, Male",,6,6,7,1,59.332400977366,49.347789234942,178,560,382,9.2273933750568,
a8e98608-7fb7-4b08-847c-36de3c777fb1,890e1c4b-a97b-49d0-8dd2-ce364e47a594,4.png,https://d48dl6cezsco5.cloudfront.net/experiments/experiment_a8e98608-7fb7-4b08-847c-36de3c777fb1/project_lg_890e1c4b-a97b-49d0-8dd2-ce364e47a594.jpg?v=15.35.4,6a274097-4090-45e2-9f6f-ebae9916c4d4,,"P0103, Male",,6,6,7,1,48.924981725146,52.799955486359,580,972,392,7.7107932833258,
a8e98608-7fb7-4b08-847c-36de3c777fb1,890e1c4b-a97b-49d0-8dd2-ce364e47a594,4.png,https://d48dl6cezsco5.cloudfront.net/experiments/experiment_a8e98608-7fb7-4b08-847c-36de3c777fb1/project_lg_890e1c4b-a97b-49d0-8dd2-ce364e47a594.jpg?v=15.35.4,6a274097-4090-45e2-9f6f-ebae9916c4d4,,"P0103, Male",,6,6,7,1,41.71235380117,43.69212962963,994,1385,391,3.4769347243314,
a8e98608-7fb7-4b08-847c-36de3c777fb1,890e1c4b-a97b-49d0-8dd2-ce364e47a594,4.png,https://d48dl6cezsco5.cloudfront.net/experiments/experiment_a8e98608-7fb7-4b08-847c-36de3c777fb1/project_lg_890e1c4b-a97b-49d0-8dd2-ce364e47a594.jpg?v=15.35.4,6a274097-4090-45e2-9f6f-ebae9916c4d4,,"P0103, Male",,6,6,7,1,43.923611111111,37.789351851852,1408,1519,111,4.5080778694651,
a8e98608-7fb7-4b08-847c-36de3c777fb1,890e1c4b-a97b-49d0-8dd2-ce364e47a594,4.png,https://d48dl6cezsco5.cloudfront.net/experiments/experiment_a8e98608-7fb7-4b08-847c-36de3c777fb1/project_lg_890e1c4b-a97b-49d0-8dd2-ce364e47a594.jpg?v=15.35.4,6a274097-4090-45e2-9f6f-ebae9916c4d4,,"P0103, Male",,6,6,7,1,38.838531358063,36.107513763764,1537,1923,386,8.9096041069577,
a8e98608-7fb7-4b08-847c-36de3c777fb1,890e1c4b-a97b-49d0-8dd2-ce364e47a594,4.png,https://d48dl6cezsco5.cloudfront.net/experiments/experiment_a8e98608-7fb7-4b08-847c-36de3c777fb1/project_lg_890e1c4b-a97b-49d0-8dd2-ce364e47a594.jpg?v=15.35.4,6a274097-4090-45e2-9f6f-ebae9916c4d4,,"P0103, Male",,6,6,7,1,49.047769360269,35.185185185185,1941,2046,105,17.714276107125,
a8e98608-7fb7-4b08-847c-36de3c777fb1,890e1c4b-a97b-49d0-8dd2-ce364e47a594,4.png,https://d48dl6cezsco5.cloudfront.net/experiments/experiment_a8e98608-7fb7-4b08-847c-36de3c777fb1/project_lg_890e1c4b-a97b-49d0-8dd2-ce364e47a594.jpg?v=15.35.4,6a274097-4090-45e2-9f6f-ebae9916c4d4,,"P0103, Male",,6,6,7,1,69.372106481481,35.294495884774,2065,2247,182,,
a8e98608-7fb7-4b08-847c-36de3c777fb1,28d2ae3b-999b-4615-bfd1-4295d1b7c712,6.png,https://d48dl6cezsco5.cloudfront.net/experiments/experiment_a8e98608-7fb7-4b08-847c-36de3c777fb1/project_lg_28d2ae3b-999b-4615-bfd1-4295d1b7c712.jpg?v=15.35.4,5dba697b-31ba-41cf-8275-af2893cf6a1a,,"P0101, Male",,5,6,2,1,58.315238246211,53.190104166667,129,500,371,1.0848315239228,
a8e98608-7fb7-4b08-847c-36de3c777fb1,28d2ae3b-999b-4615-bfd1-4295d1b7c712,6.png,https://d48dl6cezsco5.cloudfront.net/experiments/experiment_a8e98608-7fb7-4b08-847c-36de3c777fb1/project_lg_28d2ae3b-999b-4615-bfd1-4295d1b7c712.jpg?v=15.35.4,5dba697b-31ba-41cf-8275-af2893cf6a1a,,"P0101, Male",,5,6,2,1,59.07634415357,54.94096069754,531,928,397,,
a8e98608-7fb7-4b08-847c-36de3c777fb1,28d2ae3b-999b-4615-bfd1-4295d1b7c712,6.png,https://d48dl6cezsco5.cloudfront.net/experiments/experiment_a8e98608-7fb7-4b08-847c-36de3c777fb1/project_lg_28d2ae3b-999b-4615-bfd1-4295d1b7c712.jpg?v=15.35.4,5dba697b-31ba-41cf-8275-af2893cf6a1a,,"P0101, Male",,5,6,2,1,110.27702048973,76.388888888889,1144,1239,95,14.078521607195,
a8e98608-7fb7-4b08-847c-36de3c777fb1,28d2ae3b-999b-4615-bfd1-4295d1b7c712,6.png,https://d48dl6cezsco5.cloudfront.net/experiments/experiment_a8e98608-7fb7-4b08-847c-36de3c777fb1/project_lg_28d2ae3b-999b-4615-bfd1-4295d1b7c712.jpg?v=15.35.4,5dba697b-31ba-41cf-8275-af2893cf6a1a,,"P0101, Male",,5,6,2,1,107.43122807255,48.121693121693,1257,1339,82,50.587554595418,
a8e98608-7fb7-4b08-847c-36de3c777fb1,28d2ae3b-999b-4615-bfd1-4295d1b7c712,6.png,https://d48dl6cezsco5.cloudfront.net/experiments/experiment_a8e98608-7fb7-4b08-847c-36de3c777fb1/project_lg_28d2ae3b-999b-4615-bfd1-4295d1b7c712.jpg?v=15.35.4,5dba697b-31ba-41cf-8275-af2893cf6a1a,,"P0101, Male",,5,6,2,1,49.481419154576,42.323908730159,1371,1531,160,21.256980917228,
a8e98608-7fb7-4b08-847c-36de3c777fb1,28d2ae3b-999b-4615-bfd1-4295d1b7c712,6.png,https://d48dl6cezsco5.cloudfront.net/experiments/experiment_a8e98608-7fb7-4b08-847c-36de3c777fb1/project_lg_28d2ae3b-999b-4615-bfd1-4295d1b7c712.jpg?v=15.35.4,5dba697b-31ba-41cf-8275-af2893cf6a1a,,"P0101, Male",,5,6,2,1,63.794595223886,77.430555555556,1633,1731,98,6.5204614474617,
a8e98608-7fb7-4b08-847c-36de3c777fb1,28d2ae3b-999b-4615-bfd1-4295d1b7c712,6.png,https://d48dl6cezsco5.cloudfront.net/experiments/experiment_a8e98608-7fb7-4b08-847c-36de3c777fb1/project_lg_28d2ae3b-999b-4615-bfd1-4295d1b7c712.jpg?v=15.35.4,5dba697b-31ba-41cf-8275-af2893cf6a1a,,"P0101, Male",,5,6,2,1,56.625243763865,81.230709876543,1787,1924,137,14.255077452338,
a8e98608-7fb7-4b08-847c-36de3c777fb1,28d2ae3b-999b-4615-bfd1-4295d1b7c712,6.png,https://d48dl6cezsco5.cloudfront.net/experiments/experiment_a8e98608-7fb7-4b08-847c-36de3c777fb1/project_lg_28d2ae3b-999b-4615-bfd1-4295d1b7c712.jpg?v=15.35.4,5dba697b-31ba-41cf-8275-af2893cf6a1a,,"P0101, Male",,5,6,2,1,41.188321685682,71.623353263978,1942,2253,311,,
a8e98608-7fb7-4b08-847c-36de3c777fb1,28d2ae3b-999b-4615-bfd1-4295d1b7c712,6.png,https://d48dl6cezsco5.cloudfront.net/experiments/experiment_a8e98608-7fb7-4b08-847c-36de3c777fb1/project_lg_28d2ae3b-999b-4615-bfd1-4295d1b7c712.jpg?v=15.35.4,6a274097-4090-45e2-9f6f-ebae9916c4d4,,"P0103, Male",,6,6,4,1,71.228202940926,30.289248511905,9,197,188,7.4459400977473,
a8e98608-7fb7-4b08-847c-36de3c777fb1,28d2ae3b-999b-4615-bfd1-4295d1b7c712,6.png,https://d48dl6cezsco5.cloudfront.net/experiments/experiment_a8e98608-7fb7-4b08-847c-36de3c777fb1/project_lg_28d2ae3b-999b-4615-bfd1-4295d1b7c712.jpg?v=15.35.4,6a274097-4090-45e2-9f6f-ebae9916c4d4,,"P0103, Male",,6,6,4,1,67.259618971083,43.738765201439,214,462,248,7.8147008160661,
a8e98608-7fb7-4b08-847c-36de3c777fb1,28d2ae3b-999b-4615-bfd1-4295d1b7c712,6.png,https://d48dl6cezsco5.cloudfront.net/experiments/experiment_a8e98608-7fb7-4b08-847c-36de3c777fb1/project_lg_28d2ae3b-999b-4615-bfd1-4295d1b7c712.jpg?v=15.35.4,6a274097-4090-45e2-9f6f-ebae9916c4d4,,"P0103, Male",,6,6,4,1,58.847213301078,38.223708083083,482,871,389,1.5846158511295,
a8e98608-7fb7-4b08-847c-36de3c777fb1,28d2ae3b-999b-4615-bfd1-4295d1b7c712,6.png,https://d48dl6cezsco5.cloudfront.net/experiments/experiment_a8e98608-7fb7-4b08-847c-36de3c777fb1/project_lg_28d2ae3b-999b-4615-bfd1-4295d1b7c712.jpg?v=15.35.4,6a274097-4090-45e2-9f6f-ebae9916c4d4,,"P0103, Male",,6,6,4,1,57.47673937656,36.099797744535,904,1286,382,10.250524937501,
a8e98608-7fb7-4b08-847c-36de3c777fb1,28d2ae3b-999b-4615-bfd1-4295d1b7c712,6.png,https://d48dl6cezsco5.cloudfront.net/experiments/experiment_a8e98608-7fb7-4b08-847c-36de3c777fb1/project_lg_28d2ae3b-999b-4615-bfd1-4295d1b7c712.jpg?v=15.35.4,6a274097-4090-45e2-9f6f-ebae9916c4d4,,"P0103, Male",,6,6,4,1,46.270779503716,42.446629106785,1306,1637,331,23.083781076803,
a8e98608-7fb7-4b08-847c-36de3c777fb1,28d2ae3b-999b-4615-bfd1-4295d1b7c712,6.png,https://d48dl6cezsco5.cloudfront.net/experiments/experiment_a8e98608-7fb7-4b08-847c-36de3c777fb1/project_lg_28d2ae3b-999b-4615-bfd1-4295d1b7c712.jpg?v=15.35.4,6a274097-4090-45e2-9f6f-ebae9916c4d4,,"P0103, Male",,6,6,4,1,67.840354825244,15.123456790123,1655,1800,145,10.057253492089,
a8e98608-7fb7-4b08-847c-36de3c777fb1,28d2ae3b-999b-4615-bfd1-4295d1b7c712,6.png,https://d48dl6cezsco5.cloudfront.net/experiments/experiment_a8e98608-7fb7-4b08-847c-36de3c777fb1/project_lg_28d2ae3b-999b-4615-bfd1-4295d1b7c712.jpg?v=15.35.4,6a274097-4090-45e2-9f6f-ebae9916c4d4,,"P0103, Male",,6,6,4,1,66.135247164225,35.412327674643,1819,2216,397,,
a8e98608-7fb7-4b08-847c-36de3c777fb1,17c0426e-8c26-4b5f-9879-b9360f6d1bbc,10.png,https://d48dl6cezsco5.cloudfront.net/experiments/experiment_a8e98608-7fb7-4b08-847c-36de3c777fb1/project_lg_17c0426e-8c26-4b5f-9879-b9360f6d1bbc.jpg?v=15.35.4,5dba697b-31ba-41cf-8275-af2893cf6a1a,,"P0101, Male",,5,6,5,1,51.013819881007,36.280241748992,0,283,283,22.765350013935,
a8e98608-7fb7-4b08-847c-36de3c777fb1,17c0426e-8c26-4b5f-9879-b9360f6d1bbc,10.png,https://d48dl6cezsco5.cloudfront.net/experiments/experiment_a8e98608-7fb7-4b08-847c-36de3c777fb1/project_lg_17c0426e-8c26-4b5f-9879-b9360f6d1bbc.jpg?v=15.35.4,5dba697b-31ba-41cf-8275-af2893cf6a1a,,"P0101, Male",,5,6,5,1,75.883556547619,22.087112622827,352,480,128,8.953891487146,
a8e98608-7fb7-4b08-847c-36de3c777fb1,17c0426e-8c26-4b5f-9879-b9360f6d1bbc,10.png,https://d48dl6cezsco5.cloudfront.net/experiments/experiment_a8e98608-7fb7-4b08-847c-36de3c777fb1/project_lg_17c0426e-8c26-4b5f-9879-b9360f6d1bbc.jpg?v=15.35.4,5dba697b-31ba-41cf-8275-af2893cf6a1a,,"P0101, Male",,5,6,5,1,66.014497655123,27.159491742825,498,643,145,9.8817043223666,
a8e98608-7fb7-4b08-847c-36de3c777fb1,17c0426e-8c26-4b5f-9879-b9360f6d1bbc,10.png,https://d48dl6cezsco5.cloudfront.net/experiments/experiment_a8e98608-7fb7-4b08-847c-36de3c777fb1/project_lg_17c0426e-8c26-4b5f-9879-b9360f6d1bbc.jpg?v=15.35.4,5dba697b-31ba-41cf-8275-af2893cf6a1a,,"P0101, Male",,5,6,5,1,75.954510694745,17.464377086773,769,1155,386,,
a8e98608-7fb7-4b08-847c-36de3c777fb1,17c0426e-8c26-4b5f-9879-b9360f6d1bbc,10.png,https://d48dl6cezsco5.cloudfront.net/experiments/experiment_a8e98608-7fb7-4b08-847c-36de3c777fb1/project_lg_17c0426e-8c26-4b5f-9879-b9360f6d1bbc.jpg?v=15.35.4,5dba697b-31ba-41cf-8275-af2893cf6a1a,,"P0101, Male",,5,6,5,1,57.632688492063,64.26917989418,1425,1609,184,,
a8e98608-7fb7-4b08-847c-36de3c777fb1,17c0426e-8c26-4b5f-9879-b9360f6d1bbc,10.png,https://d48dl6cezsco5.cloudfront.net/experiments/experiment_a8e98608-7fb7-4b08-847c-36de3c777fb1/project_lg_17c0426e-8c26-4b5f-9879-b9360f6d1bbc.jpg?v=15.35.4,5dba697b-31ba-41cf-8275-af2893cf6a1a,,"P0101, Male",,5,6,5,1,27.529568142361,48.846154689254,1798,2136,338,,
a8e98608-7fb7-4b08-847c-36de3c777fb1,17c0426e-8c26-4b5f-9879-b9360f6d1bbc,10.png,https://d48dl6cezsco5.cloudfront.net/experiments/experiment_a8e98608-7fb7-4b08-847c-36de3c777fb1/project_lg_17c0426e-8c26-4b5f-9879-b9360f6d1bbc.jpg?v=15.35.4,6a274097-4090-45e2-9f6f-ebae9916c4d4,,"P0103, Male",,6,6,6,1,36.708614948505,53.547422756982,4,394,390,4.5091403450969,
a8e98608-7fb7-4b08-847c-36de3c777fb1,17c0426e-8c26-4b5f-9879-b9360f6d1bbc,10.png,https://d48dl6cezsco5.cloudfront.net/experiments/experiment_a8e98608-7fb7-4b08-847c-36de3c777fb1/project_lg_17c0426e-8c26-4b5f-9879-b9360f6d1bbc.jpg?v=15.35.4,6a274097-4090-45e2-9f6f-ebae9916c4d4,,"P0103, Male",,6,6,6,1,39.753152498429,60.98363988989,426,626,200,8.4217732154714,
a8e98608-7fb7-4b08-847c-36de3c777fb1,17c0426e-8c26-4b5f-9879-b9360f6d1bbc,10.png,https://d48dl6cezsco5.cloudfront.net/experiments/experiment_a8e98608-7fb7-4b08-847c-36de3c777fb1/project_lg_17c0426e-8c26-4b5f-9879-b9360f6d1bbc.jpg?v=15.35.4,6a274097-4090-45e2-9f6f-ebae9916c4d4,,"P0103, Male",,6,6,6,1,30.151587413502,59.054341204601,693,1066,373,9.7909147714963,
a8e98608-7fb7-4b08-847c-36de3c777fb1,17c0426e-8c26-4b5f-9879-b9360f6d1bbc,10.png,https://d48dl6cezsco5.cloudfront.net/experiments/experiment_a8e98608-7fb7-4b08-847c-36de3c777fb1/project_lg_17c0426e-8c26-4b5f-9879-b9360f6d1bbc.jpg?v=15.35.4,6a274097-4090-45e2-9f6f-ebae9916c4d4,,"P0103, Male",,6,6,6,1,41.164894856301,55.118897306397,1098,1493,395,24.430304182265,
a8e98608-7fb7-4b08-847c-36de3c777fb1,17c0426e-8c26-4b5f-9879-b9360f6d1bbc,10.png,https://d48dl6cezsco5.cloudfront.net/experiments/experiment_a8e98608-7fb7-4b08-847c-36de3c777fb1/project_lg_17c0426e-8c26-4b5f-9879-b9360f6d1bbc.jpg?v=15.35.4,6a274097-4090-45e2-9f6f-ebae9916c4d4,,"P0103, Male",,6,6,6,1,69.072806305537,50.472100389864,1577,1961,384,1.5108458221295,
a8e98608-7fb7-4b08-847c-36de3c777fb1,17c0426e-8c26-4b5f-9879-b9360f6d1bbc,10.png,https://d48dl6cezsco5.cloudfront.net/experiments/experiment_a8e98608-7fb7-4b08-847c-36de3c777fb1/project_lg_17c0426e-8c26-4b5f-9879-b9360f6d1bbc.jpg?v=15.35.4,6a274097-4090-45e2-9f6f-ebae9916c4d4,,"P0103, Male",,6,6,6,1,69.772677951389,47.65272131888,1990,2157,167,12.375373482643,
a8e98608-7fb7-4b08-847c-36de3c777fb1,17c0426e-8c26-4b5f-9879-b9360f6d1bbc,10.png,https://d48dl6cezsco5.cloudfront.net/experiments/experiment_a8e98608-7fb7-4b08-847c-36de3c777fb1/project_lg_17c0426e-8c26-4b5f-9879-b9360f6d1bbc.jpg?v=15.35.4,6a274097-4090-45e2-9f6f-ebae9916c4d4,,"P0103, Male",,6,6,6,1,81.510416666667,33.449074074074,2177,2259,82,,
a8e98608-7fb7-4b08-847c-36de3c777fb1,8778f80f-d548-4170-8e78-4ae1a85c8c50,20.png,https://d48dl6cezsco5.cloudfront.net/experiments/experiment_a8e98608-7fb7-4b08-847c-36de3c777fb1/project_lg_8778f80f-d548-4170-8e78-4ae1a85c8c50.jpg?v=15.35.4,5dba697b-31ba-41cf-8275-af2893cf6a1a,,"P0101, Male",,5,5,1,1,-3.3503953547899,68.992138262972,0,262,262,12.678543555574,
a8e98608-7fb7-4b08-847c-36de3c777fb1,8778f80f-d548-4170-8e78-4ae1a85c8c50,20.png,https://d48dl6cezsco5.cloudfront.net/experiments/experiment_a8e98608-7fb7-4b08-847c-36de3c777fb1/project_lg_8778f80f-d548-4170-8e78-4ae1a85c8c50.jpg?v=15.35.4,5dba697b-31ba-41cf-8275-af2893cf6a1a,,"P0101, Male",,5,5,1,1,9.9741442991086,58.616405127655,350,714,364,18.713612073156,
a8e98608-7fb7-4b08-847c-36de3c777fb1,8778f80f-d548-4170-8e78-4ae1a85c8c50,20.png,https://d48dl6cezsco5.cloudfront.net/experiments/experiment_a8e98608-7fb7-4b08-847c-36de3c777fb1/project_lg_8778f80f-d548-4170-8e78-4ae1a85c8c50.jpg?v=15.35.4,5dba697b-31ba-41cf-8275-af2893cf6a1a,,"P0101, Male",,5,5,1,1,-11.339821608863,54.008093056196,744,1130,386,8.7868454162224,
a8e98608-7fb7-4b08-847c-36de3c777fb1,8778f80f-d548-4170-8e78-4ae1a85c8c50,20.png,https://d48dl6cezsco5.cloudfront.net/experiments/experiment_a8e98608-7fb7-4b08-847c-36de3c777fb1/project_lg_8778f80f-d548-4170-8e78-4ae1a85c8c50.jpg?v=15.35.4,5dba697b-31ba-41cf-8275-af2893cf6a1a,,"P0101, Male",,5,5,1,1,-17.394099380031,68.339195526696,1149,1406,257,,
a8e98608-7fb7-4b08-847c-36de3c777fb1,8778f80f-d548-4170-8e78-4ae1a85c8c50,20.png,https://d48dl6cezsco5.cloudfront.net/experiments/experiment_a8e98608-7fb7-4b08-847c-36de3c777fb1/project_lg_8778f80f-d548-4170-8e78-4ae1a85c8c50.jpg?v=15.35.4,5dba697b-31ba-41cf-8275-af2893cf6a1a,,"P0101, Male",,5,5,1,1,8.0324138528096,33.935153300684,1621,1856,235,,
a8e98608-7fb7-4b08-847c-36de3c777fb1,8778f80f-d548-4170-8e78-4ae1a85c8c50,20.png,https://d48dl6cezsco5.cloudfront.net/experiments/experiment_a8e98608-7fb7-4b08-847c-36de3c777fb1/project_lg_8778f80f-d548-4170-8e78-4ae1a85c8c50.jpg?v=15.35.4,5dba697b-31ba-41cf-8275-af2893cf6a1a,,"P0101, Male",,5,5,1,1,26.925593300471,36.458333333333,2101,2198,97,,
a8e98608-7fb7-4b08-847c-36de3c777fb1,8778f80f-d548-4170-8e78-4ae1a85c8c50,20.png,https://d48dl6cezsco5.cloudfront.net/experiments/experiment_a8e98608-7fb7-4b08-847c-36de3c777fb1/project_lg_8778f80f-d548-4170-8e78-4ae1a85c8c50.jpg?v=15.35.4,6a274097-4090-45e2-9f6f-ebae9916c4d4,,"P0103, Male",,6,6,1,1,57.500927710889,49.644088453984,2,402,400,10.286342398304,
a8e98608-7fb7-4b08-847c-36de3c777fb1,8778f80f-d548-4170-8e78-4ae1a85c8c50,20.png,https://d48dl6cezsco5.cloudfront.net/experiments/experiment_a8e98608-7fb7-4b08-847c-36de3c777fb1/project_lg_8778f80f-d548-4170-8e78-4ae1a85c8c50.jpg?v=15.35.4,6a274097-4090-45e2-9f6f-ebae9916c4d4,,"P0103, Male",,6,6,1,1,68.982829514184,54.497568036755,466,861,395,8.4239609694086,
a8e98608-7fb7-4b08-847c-36de3c777fb1,8778f80f-d548-4170-8e78-4ae1a85c8c50,20.png,https://d48dl6cezsco5.cloudfront.net/experiments/experiment_a8e98608-7fb7-4b08-847c-36de3c777fb1/project_lg_8778f80f-d548-4170-8e78-4ae1a85c8c50.jpg?v=15.35.4,6a274097-4090-45e2-9f6f-ebae9916c4d4,,"P0103, Male",,6,6,1,1,59.377526261281,52.587435351107,893,1283,390,5.6653795151023,
a8e98608-7fb7-4b08-847c-36de3c777fb1,8778f80f-d548-4170-8e78-4ae1a85c8c50,20.png,https://d48dl6cezsco5.cloudfront.net/experiments/experiment_a8e98608-7fb7-4b08-847c-36de3c777fb1/project_lg_8778f80f-d548-4170-8e78-4ae1a85c8c50.jpg?v=15.35.4,6a274097-4090-45e2-9f6f-ebae9916c4d4,,"P0103, Male",,6,6,1,1,54.755052007581,60.711859946886,1312,1695,383,7.8788735770281,
a8e98608-7fb7-4b08-847c-36de3c777fb1,8778f80f-d548-4170-8e78-4ae1a85c8c50,20.png,https://d48dl6cezsco5.cloudfront.net/experiments/experiment_a8e98608-7fb7-4b08-847c-36de3c777fb1/project_lg_8778f80f-d548-4170-8e78-4ae1a85c8c50.jpg?v=15.35.4,6a274097-4090-45e2-9f6f-ebae9916c4d4,,"P0103, Male",,6,6,1,1,63.132676297853,54.674347643098,1714,1972,258,8.7493121767852,
a8e98608-7fb7-4b08-847c-36de3c777fb1,8778f80f-d548-4170-8e78-4ae1a85c8c50,20.png,https://d48dl6cezsco5.cloudfront.net/experiments/experiment_a8e98608-7fb7-4b08-847c-36de3c777fb1/project_lg_8778f80f-d548-4170-8e78-4ae1a85c8c50.jpg?v=15.35.4,6a274097-4090-45e2-9f6f-ebae9916c4d4,,"P0103, Male",,6,6,1,1,62.330966525608,36.885127314815,2004,2099,95,9.2287517120725,
a8e98608-7fb7-4b08-847c-36de3c777fb1,8778f80f-d548-4170-8e78-4ae1a85c8c50,20.png,https://d48dl6cezsco5.cloudfront.net/experiments/experiment_a8e98608-7fb7-4b08-847c-36de3c777fb1/project_lg_8778f80f-d548-4170-8e78-4ae1a85c8c50.jpg?v=15.35.4,6a274097-4090-45e2-9f6f-ebae9916c4d4,,"P0103, Male",,6,6,1,1,72.107765157387,29.656685906686,2128,2256,128,,
